word,count
rustled,1
***,4
flat,2
cartwheels,1
month,2
rome,2
rattle,1
pictured,1
spoken,1
hopeless,1
first,51
treated,1
knock,1
hunting,3
crowded,5
saying,15
extremely,2
lesson,3
nicely,2
bristling,1
hand,21
poky,1
evidently,1
bag,1
flurry,1
state,1
beast,1
speech,3
age,4
dipped,2
flapper,1
whose,2
kills,1
see,67
guessed,3
reeds,1
practice,1
tinkling,1
care,4
over,40
gay,1
quarrel,1
about,94
butterfly,1
longed,2
beds,2
wash,2
figures,1
history,7
authority,2
laugh,1
release,1
imagine,2
naturedly,1
whether,11
tremble,1
mournful,1
no,92
straightened,1
five,8
paw,3
looking,32
such,41
seem,8
up,100
began,58
fitted,1
ways,1
roast,1
besides,4
ebook,5
minutes,11
encourage,1
snappishly,1
coast,1
grief,1
undertone,2
creature,4
disagree,1
respect,1
mercia,2
quadrille,4
pigs,6
footmen,1
of,519
interrupted,9
found,32
pulled,1
conversation,10
memory,1
edgar,1
brass,1
hedgehogs,3
offend,1
cauldron,2
placed,1
that,315
simply,3
low,15
denying,1
reaching,1
every,12
daughter,1
untwist,1
tight,1
crown,3
line,2
mouths,4
home,5
mine,10
wildly,2
sleepy,5
expecting,3
feather,1
drive,2
nice,6
think,53
happen,8
oldest,1
surprised,7
waste,1
bringing,3
part,2
pat,3
either,10
partners,1
concert,2
unpleasant,2
hair,7
jaw,1
snatch,2
tucked,3
wearily,1
prettier,1
despair,1
duchess,42
eats,1
box,10
desk,1
else,12
fluttered,1
guinea,6
gravely,3
writing,6
lazily,1
invent,1
sitting,10
ornamented,2
attempt,1
arrived,1
commotion,1
secondly,2
eyed,1
quicker,1
sister,9
hurrying,1
result,1
carry,1
presented,1
banks,1
centre,1
yours,3
certainly,14
tone,40
lest,1
jumped,6
easily,3
pencil,2
as,263
australia,1
get,46
hat,1
politely,6
turned,16
cheerfully,1
steady,1
trumpet,3
green,4
tunnel,1
pointing,4
swimming,2
run,4
telling,2
thimble,4
elsie,1
carroll,4
pool,11
hadn,8
daisy,1
banquet,1
canary,1
online,1
easy,2
watched,2
thoroughly,2
long,32
position,2
sighing,3
frog,3
tales,1
gallons,1
present,3
considering,3
her,248
mouth,10
ill,2
anyone,1
vote,1
soldier,1
crazy,1
accounts,1
hm,1
fortunately,1
pairs,1
miserable,2
answer,9
ugly,2
safe,2
kings,1
folded,3
went,83
fifth,1
engraved,1
corner,4
glad,11
twentieth,1
flying,1
choking,1
kept,13
here,51
matter,9
angrily,9
swim,5
flamingo,5
race,6
slightest,1
annoy,1
updated,1
queerest,1
grow,13
away,26
having,10
three,28
tremulous,1
belongs,2
melancholy,6
grumbled,1
saw,14
choosing,1
impatiently,5
sugar,2
failure,1
continued,9
faint,1
shark,1
birthday,1
directly,2
flown,1
repeating,3
coils,1
alarmed,1
dogs,3
said,462
sobbed,1
sure,24
belt,1
animals,4
ourselves,1
choke,1
neat,1
squeeze,1
morning,5
snout,1
settle,1
ful,1
drawling,3
past,3
shelves,2
upright,1
seven,6
sense,3
counting,1
author,1
cats,13
brightened,2
tones,2
lie,2
cleared,1
existence,1
bend,2
shook,9
doze,1
tops,1
opinion,1
true,4
ear,6
grinned,3
stockings,1
older,2
doubt,4
gravy,1
latitude,2
dishes,2
stole,2
uneasily,2
em,3
housemaid,1
reading,3
sand,1
still,13
bent,1
english,7
loose,1
silent,7
surprise,5
crawled,1
swallowed,1
traps,1
noticing,1
wise,2
died,1
beau,4
arch,1
project,4
do,81
saucer,1
currants,1
attempts,1
door,30
goose,2
_i,2
pleasant,1
atheling,1
where,15
ann,4
asking,5
hare,31
why,40
taking,5
jury,22
night,5
stool,1
soon,25
sooner,2
sky,5
shy,1
answers,1
crawling,1
lark,1
haste,1
rabbit,51
begins,4
eat,18
ridges,1
look,29
mystery,2
what,141
miss,4
sang,2
protection,1
helpless,1
sneeze,2
doubtfully,2
then,94
remaining,1
us,14
hasn,2
rattling,2
signify,1
try,12
dare,5
oop,7
bottom,4
settled,3
inquired,1
turn,11
were,85
listeners,1
delighted,2
balls,1
verses,4
even,19
painting,2
hands,12
friend,3
mostly,2
daisies,1
interest,1
tumbled,1
earls,2
hurried,11
seemed,27
climb,1
gained,1
avoid,1
lodging,1
fairy,1
shared,1
reasonable,1
plenty,2
jug,1
jumping,4
fourteenth,1
toast,1
enough,18
four,8
crust,1
calling,1
expression,1
addressed,2
carrier,1
using,2
walked,10
thrown,1
seals,1
poured,1
bursting,1
2008,1
summer,2
sound,4
everybody,8
wig,2
top,8
golden,7
candle,3
skurried,1
schoolroom,1
t,218
fancied,2
finishing,1
reach,4
gave,15
various,1
guard,1
whatsoever,1
wake,2
offended,10
fight,2
25,1
unrolled,2
idea,15
nobody,8
tarts,7
fulcrum,1
spell,1
love,3
winter,1
collected,2
beak,1
signifies,1
arm,15
rat,1
behind,13
boy,3
crash,3
cattle,1
answered,4
cup,2
splendidly,1
odd,1
edwin,2
behead,1
chair,1
sage,1
shower,2
fifteenth,1
fat,1
venture,3
fishes,1
pun,1
meeting,1
leap,1
subjects,1
tureen,1
bread,7
wants,2
twinkled,1
eel,2
won,26
soothing,1
anger,2
struck,2
used,13
already,2
feathers,1
into,67
you,412
draw,7
eagerly,8
hungry,3
blacking,1
w,1
crashed,1
everything,14
followed,8
morsel,1
scream,2
mean,10
within,2
figure,3
sweet,1
names,2
louder,1
needn,3
curly,1
table,18
gazing,1
feeble,2
below,3
nibbling,3
time,71
nile,1
dreamy,1
directed,2
chrysalis,1
duck,4
weren,1
upset,3
forehead,2
clapping,1
vi,1
unjust,1
presents,2
prizes,5
label,2
had,178
grins,1
dance,13
dinner,2
inkstand,1
marked,6
patted,1
drowned,1
contemptuously,2
instance,3
mice,4
flower,2
adoption,1
voices,3
appear,2
dancing,2
tongue,4
glanced,1
anxious,3
large,33
account,1
tired,7
trotting,2
pinch,2
smallest,2
gloomily,1
list,3
somersault,2
go,50
axes,1
annoyed,1
sink,1
relief,2
letter,3
become,5
notion,3
forget,2
burn,2
morals,1
shoulder,4
anywhere,2
toys,1
twelve,4
handed,3
locked,1
leaders,1
if,96
circle,1
toffee,1
shiver,1
pattering,3
ambition,1
suppressed,4
question,17
fender,1
washing,3
something,18
thistle,2
c,1
voice,48
directions,3
remember,14
blasts,2
pocket,7
ma,3
fidgeted,1
cucumber,2
ada,1
screaming,1
dig,1
seeing,1
lay,4
sentence,6
coming,9
fact,8
familiarly,1
twist,2
raising,1
the,1647
suppose,14
each,8
rushed,1
thing,49
adding,1
books,2
simple,5
hedges,1
knocking,3
violently,4
living,2
pretexts,1
six,2
grass,4
ll,57
giddy,2
injure,1
contemptuous,1
included,1
bird,2
note,2
wondering,7
suddenly,13
forgotten,6
carrying,2
seaside,1
slipped,3
queens,1
backs,1
around,3
permitted,1
trembling,6
live,8
knowing,2
silence,14
coaxing,2
ugh,2
men,1
replied,29
elegant,1
opportunity,8
playing,2
lad,1
cheap,1
inwards,1
difficult,2
heart,2
good,27
crouched,1
canterbury,1
understood,1
crocodile,1
them,88
parchment,2
lefthand,2
shriek,5
land,1
cackled,1
yelp,1
laid,2
rising,1
coward,1
puffed,1
wonderland,8
lazy,1
respectful,1
body,2
hurriedly,2
meant,5
chop,1
pack,5
use,20
wandering,2
vii,1
joined,3
suet,1
on,193
faster,3
near,15
promising,1
reply,5
wits,1
digging,4
hall,9
mixed,2
stuff,4
spoke,17
leaning,2
m,63
insolence,1
knocked,1
wish,21
awfully,1
things,31
rapidly,2
unlocking,1
ache,1
themselves,3
machines,1
pretend,1
leave,9
uglification,2
teeth,1
does,9
vulgar,1
shingle,1
judging,1
cool,2
quickly,2
walrus,1
law,2
at,214
plan,4
blow,2
crept,1
ate,1
agony,1
myself,7
affair,1
matters,2
going,27
scaly,1
weak,2
whispered,5
curiosity,5
pig,11
owl,3
bite,2
not,145
rabbits,1
gather,1
song,7
forty,1
star,1
custard,1
prisoner,2
yet,25
ours,1
wherever,2
pan,1
afterwards,2
serpents,3
earth,4
absence,1
desks,1
wine,2
frightened,7
moving,3
bye,2
afore,1
hers,4
brave,1
sent,2
kick,3
viii,1
dull,3
noticed,8
baby,14
stupid,6
proper,3
tossing,3
hatters,1
chimneys,1
march,35
arches,4
guilt,1
bear,2
paper,4
nibbled,2
fly,3
executes,1
energetic,1
queen,75
cost,2
join,9
ladder,1
those,10
dainties,1
forgetting,3
pardon,6
marmalade,1
introduced,1
kneel,1
sharing,1
cheated,1
hanging,3
conversations,1
couple,1
obstacle,1
hopeful,1
woke,1
dream,7
hours,4
alternately,1
arguments,1
doubled,1
ootiful,4
last,34
lately,1
liked,6
spreading,1
manage,7
handwriting,1
boots,4
confusion,5
squeezed,1
drunk,2
vanishing,1
flew,1
magpie,1
camomile,1
esq,1
speed,1
rumbling,1
barking,1
great,39
after,43
solid,1
hold,10
interrupting,2
reality,1
waistcoat,2
tale,4
usurpation,1
northumbria,2
tells,2
rock,1
much,51
asked,17
purpose,1
ix,1
ancient,1
broken,6
ashamed,2
lamps,1
bed,1
invitation,2
reminding,1
dismay,1
kettle,1
touch,1
week,3
zealand,1
tiptoe,2
passed,5
crowd,4
clearer,1
murder,1
between,6
nearer,5
judge,4
killing,1
hiss,1
instead,3
bad,2
truth,1
whiskers,3
explain,10
middle,7
worry,1
twenty,3
favoured,1
carefully,3
passing,1
histories,1
beautifully,2
room,13
archbishop,2
quarrelling,2
along,6
wife,1
pounds,1
splashed,1
thin,1
its,57
filled,3
getting,22
against,9
accidentally,1
dog,3
sands,1
make,27
merrily,1
bowing,1
shouting,2
provoking,1
thank,4
exclaimed,6
waist,1
brushing,1
pieces,3
pie,3
fright,2
fellows,1
say,51
whoever,1
moved,5
particular,4
known,1
curtain,1
left,14
undo,1
frames,1
became,2
water,5
this,138
pattern,1
disobey,1
onions,1
sternly,1
staring,3
dressed,1
field,1
sharks,1
smaller,3
dish,4
shrieks,1
ears,5
beauti,1
legged,2
flavour,1
one,104
useful,2
journey,1
pebbles,2
finish,5
improve,1
all,182
lessons,10
ring,2
talking,17
honest,1
feeling,7
asleep,8
occurred,2
knuckles,1
interesting,5
court,18
supple,1
signed,2
difficulties,1
trusts,1
lullaby,1
sorrowful,2
capering,1
proceed,2
longer,3
herald,1
solemn,3
shillings,1
wild,2
tougher,1
certain,3
today,1
wanted,4
person,4
nearly,11
agree,2
howling,3
trims,1
arms,6
straightening,1
queer,12
lastly,1
snail,3
shouted,9
oh,45
chuckled,1
forepaws,1
out,117
ledge,1
eaten,1
just,52
swallow,1
sing,6
closed,2
sh,2
remembering,1
cheeks,1
cunning,1
minute,21
wonderful,2
sends,1
save,1
sneezing,6
start,1
rudeness,1
fourth,1
turns,3
thoughtfully,4
submitted,1
courage,3
hookah,5
weeks,1
engine,1
form,1
folding,1
soo,7
when,79
prove,1
pennyworth,2
wider,1
stopping,1
possibly,3
ran,16
stamping,2
insult,1
slates,8
slate,4
fig,1
lacie,1
offer,2
blown,1
toss,1
house,18
alas,4
makes,11
sob,1
faintly,1
closely,1
tastes,1
mile,2
imitated,1
rubbing,2
father,6
oyster,1
eyelids,1
noises,1
readily,1
jelly,1
shiny,1
repeat,7
ah,5
hit,2
immense,1
incessantly,1
softly,1
grand,3
write,6
chance,4
conduct,1
hippopotamus,1
furrow,1
crab,3
gutenberg,6
sad,3
recognised,1
stolen,1
two,40
minding,1
feelings,2
muddle,1
nose,8
kissed,1
worse,3
draggled,1
quiet,2
circumstances,1
jar,2
whispers,1
seldom,1
restrictions,1
little,128
angry,5
smoke,1
shining,1
picture,1
ii,1
savage,4
legs,3
glaring,1
croqueted,1
speak,15
labelled,1
chose,2
cards,3
sulkily,2
fifteen,1
hundred,1
managing,1
laughter,1
balanced,1
unimportant,5
capital,4
corners,1
raving,2
wouldn,13
grey,1
chatte,1
miles,3
licking,1
among,12
advisable,2
sneezed,1
argue,1
0,1
walking,5
trees,7
evening,5
longitude,2
grant,1
consultation,1
tulip,1
taken,4
dripping,1
scratching,1
sorrows,1
orange,1
floor,3
send,1
rules,3
larger,7
sorrow,2
ordered,4
stick,4
hatching,1
pleasanter,1
arranged,1
execute,1
riper,1
wrote,3
from,36
completely,1
adjourn,1
sorts,3
neither,2
brandy,1
didn,14
roots,2
swam,5
lived,3
off,73
flung,1
words,21
able,1
wet,2
deepest,1
sat,17
panted,1
consider,4
beating,2
tied,1
second,4
furious,1
enjoy,1
direction,5
likes,1
bottle,10
crying,2
riddle,1
eye,7
whistle,1
fanning,1
wore,1
pour,1
tried,19
otherwise,4
grew,1
keeping,2
recovered,2
xii,1
comfort,1
since,4
desperate,1
prison,1
new,5
theirs,1
limbs,1
wretched,2
alive,3
loveliest,1
while,25
crossly,1
shakespeare,1
thought,74
wrapping,1
eleventh,1
harm,1
because,15
waited,11
bowed,4
eating,1
pegs,1
opened,10
quick,2
cut,5
entirely,2
seaography,1
idiotic,1
millennium,1
push,1
funny,3
croqueting,1
fond,4
cakes,3
inside,2
seems,5
turning,12
locks,2
faces,5
lying,8
humble,1
bark,2
pencils,1
hated,1
resting,2
loving,1
moderate,1
cake,3
find,21
listening,3
addressing,1
rubbed,1
pinched,2
curiouser,2
lessen,1
advance,3
sign,1
by,60
told,6
beautiful,13
latin,1
rise,1
london,1
rose,4
knave,9
claws,2
blades,1
important,7
distant,2
sharp,6
an,57
squeaked,1
thump,2
allow,3
bathing,1
flock,1
name,10
felt,23
follows,3
changing,2
oneself,1
20,1
editions,2
puppy,7
printed,1
inquisitively,1
got,45
shall,25
persons,1
shape,1
uncorked,1
furiously,1
brain,1
order,3
doorway,1
glass,10
childhood,1
different,9
cat,37
family,1
rippling,1
fell,6
downwards,1
hoping,3
fountains,2
fun,3
turtle,59
break,2
fashion,2
invented,1
your,62
ones,1
work,8
grown,7
roughly,1
thick,1
fumbled,1
pitied,1
knife,3
verdict,4
sensation,2
wander,1
couples,1
encouraging,2
stiff,1
trials,1
poor,27
leaves,6
half,23
ahem,1
my,58
peeped,3
air,15
lory,7
french,4
end,20
growing,11
cardboard,1
farther,1
soft,1
taller,2
v,1
height,5
dried,1
nothing,34
twinkle,8
daresay,1
reduced,1
hatter,56
clinging,1
ground,8
eggs,5
title,1
interrupt,1
turtles,2
yards,1
shoulders,4
falling,2
speaker,1
bitter,1
shutting,2
stairs,3
explanation,2
twelfth,1
org,1
lewis,4
comfortable,1
perfectly,4
rather,25
stretching,2
loudly,3
bound,1
undoing,1
reeling,1
jaws,2
mind,11
search,1
produced,1
declare,2
appearing,1
will,33
magic,1
kiss,1
catch,4
drew,5
feel,8
uglifying,1
deeply,4
music,3
changes,2
regular,2
begged,1
remark,10
antipathies,1
unusually,1
immediately,3
putting,3
attends,1
clasped,1
outside,4
begun,7
young,5
drop,1
son,1
kitchen,4
confusing,3
overcome,1
win,1
delay,1
scrambling,1
x,1
sadly,5
strength,1
enormous,1
neighbouring,1
pretending,1
listened,1
several,4
sudden,5
other,40
becoming,1
honour,4
showing,2
mineral,1
pressing,1
stand,6
started,2
posting,1
contradicted,1
general,3
any,39
mistake,3
conclusion,2
expressing,1
stingy,1
come,46
doesn,16
thousand,2
number,5
clever,2
panting,2
somebody,7
days,4
too,26
sprawling,1
distance,8
patience,1
notice,5
couldn,9
spoon,2
worried,1
fading,1
bother,1
frighten,1
explanations,1
shaking,3
obliged,3
free,3
gone,13
pigeon,12
fighting,1
hole,5
airs,1
reason,9
dozing,1
conquest,1
advise,1
likely,5
fellow,4
both,14
cupboards,2
appearance,1
escape,4
shedding,1
ou,1
attempted,1
boldly,1
choice,2
rope,1
narrow,2
nevertheless,1
beg,8
muchness,3
front,2
ought,14
s,208
turkey,1
messages,2
wow,6
burst,1
porpoise,4
face,15
affectionately,1
yelled,1
noise,3
o,6
beat,4
goldfish,2
dive,1
extras,1
mouse,44
smoking,2
maps,1
want,9
led,4
strings,1
taste,2
lives,4
executed,6
beginning,14
plainly,1
ferrets,2
clear,2
sight,10
roject,1
sounds,4
presently,2
usually,2
who,63
grammar,1
fit,3
seriously,1
cutting,1
speaking,5
places,2
explained,1
hearts,8
assembled,2
ready,8
christmas,1
fear,4
whiting,8
leaving,1
fallen,4
nowhere,2
soup,18
hardly,12
can,63
but,170
collar,1
sort,20
piteous,1
chapter,12
mad,15
irons,1
expected,1
word,10
through,14
pretty,1
terms,2
saucepan,1
denial,1
askance,1
canvas,1
buttered,1
pass,1
missed,2
rude,2
overhead,1
meal,1
growled,1
country,1
throat,2
tears,11
unfortunate,3
watch,8
white,30
flame,1
dispute,2
himself,6
subdued,1
bring,3
cur,1
fan,10
itself,14
decidedly,4
multiplication,1
examine,2
whereupon,1
worm,1
feet,19
hate,2
threw,2
unable,1
rocket,1
making,8
spread,3
guess,3
sit,8
eager,3
picking,2
indignantly,4
splashing,2
iii,1
branch,1
pardoned,1
bore,1
extra,1
pepper,8
tis,5
edition,1
nervous,5
language,1
seated,1
believe,9
foolish,1
took,24
entrance,1
roses,3
mustard,3
deserved,1
believed,1
ve,44
uncivil,1
aloud,5
finds,1
made,30
france,1
well,63
broke,2
seen,15
better,14
stirring,2
hope,3
hurry,11
these,14
window,8
been,38
disappointment,1
late,6
fixed,1
reasons,1
size,13
being,19
abide,1
nay,1
spades,1
relieved,1
story,8
isn,7
dropped,5
branches,2
barrowful,2
questions,4
returning,1
advantage,3
girls,3
bat,3
back,39
refused,1
curtsey,1
unhappy,2
wind,2
remained,3
eaglet,3
under,17
fury,3
william,8
examining,1
gently,3
largest,1
horse,1
have,80
real,3
suit,3
gryphon,55
business,7
brother,1
again,83
picked,3
laughed,2
pleasure,2
riddles,2
fair,1
fetch,7
accusation,1
measure,1
pair,5
excellent,2
applause,1
scale,1
darkness,1
rule,5
did,63
learned,1
clean,1
saves,1
me,68
children,10
caterpillar,28
flappers,1
shifting,1
until,5
burning,1
guests,3
deal,12
letters,1
burnt,1
appeared,8
settling,1
pence,1
most,8
girl,4
yesterday,3
breathe,3
man,5
shorter,2
pray,3
normans,1
fireplace,1
spot,1
lowing,1
memorandum,1
rearing,1
before,38
stop,6
hot,7
retire,1
soles,1
mentioned,3
drink,7
dodged,1
busily,4
doing,5
pop,1
highest,1
stays,1
conqueror,2
rest,10
pity,3
catching,2
our,8
zigzag,1
passionate,1
close,13
in,374
for,154
visit,1
call,9
herself,83
pointed,1
nurse,3
doubling,1
fire,4
royal,2
3,1
know,88
however,20
twinkling,4
wink,2
luckily,2
wag,1
double,1
patriotic,1
once,34
milk,2
throne,1
triumphantly,2
course,26
hjckrrh,1
trickling,1
ending,2
livery,3
uncommonly,1
others,7
hoarse,3
beautify,1
case,5
least,9
wags,1
declared,1
shepherd,1
walk,5
sighed,5
secret,1
handsome,1
same,24
dry,8
don,61
without,26
laughing,2
death,1
entangled,2
officer,1
denies,1
may,14
wooden,1
belong,1
edge,3
lady,3
engaged,1
pleases,1
someone,1
kindly,2
diamonds,1
to,729
flowers,2
down,102
crossed,3
croquet,9
sulky,3
remain,1
inclined,1
stalk,1
wandered,2
chief,1
further,3
beloved,1
clubs,1
watching,3
give,13
bleeds,1
worth,4
thunderstorm,1
timid,3
lock,1
comfortably,1
old,19
crumbs,4
accounting,1
doth,3
dark,3
solemnly,4
happened,7
personal,2
roared,1
snorting,1
e,6
eh,1
raw,1
shaped,3
works,1
says,4
unwillingly,1
common,1
violent,2
tillie,1
hear,14
fix,1
content,1
received,1
curious,19
appealed,1
tidy,1
languid,1
succeeded,3
prosecute,1
listen,7
has,7
experiment,2
sentenced,1
baked,1
*,60
sobbing,3
share,1
advice,2
knowledge,3
hurt,3
rightly,1
ye,1
cried,20
blew,2
juror,1
always,13
bough,1
wings,1
squeaking,2
conger,1
newspapers,1
therefore,1
cheshire,7
best,12
hearthrug,1
scroll,2
cook,13
cautiously,3
violence,1
bright,8
begin,13
ointment,1
drinking,1
round,41
wide,2
growling,1
shade,1
rich,1
persisted,2
should,27
tide,1
play,8
now,60
whistling,1
later,3
cares,2
uncomfortably,1
stigand,1
moment,31
hour,2
rustling,1
ridge,1
subject,6
could,77
extraordinary,2
king,63
twice,5
punching,1
righthand,1
sea,14
quarrelled,1
variations,1
changed,8
sits,1
natural,4
parts,1
station,1
proposal,1
stopped,3
came,40
mournfully,1
furrows,1
vague,1
proves,2
graceful,1
fine,2
clamour,1
open,7
anything,20
almost,7
comfits,2
takes,2
he,125
positively,1
grinning,1
setting,1
are,54
flashed,1
inches,6
few,9
happening,1
howled,1
treat,1
trial,10
adventures,12
looked,45
losing,1
afraid,12
help,9
muttered,2
impatient,1
shoes,7
usual,5
put,31
linked,1
cheered,3
writhing,1
nor,3
dreamed,1
1994,1
brown,2
neatly,2
really,13
show,3
complaining,1
empty,1
frying,1
difficulty,4
producing,1
absurd,2
courtiers,2
wasn,11
grin,6
trampled,1
giving,2
rush,2
pleased,7
or,79
meet,2
hint,2
pleasing,1
temper,5
blows,1
yawned,2
repeated,10
poison,3
lines,1
carried,4
sleep,6
holding,3
follow,2
lasted,2
chin,7
cold,1
slowly,8
chains,1
raven,1
happens,5
take,22
heels,1
severity,1
generally,7
mallets,1
fall,7
civil,3
cushion,2
vinegar,1
partner,1
dunce,1
complained,1
chorus,6
high,16
trot,1
rapped,1
pulling,1
powdered,1
cause,3
day,29
planning,1
impossible,3
teapot,1
doubtful,2
sounded,5
thinking,11
added,23
maybe,2
serpent,9
arrow,1
hastily,16
wrong,5
flustered,1
friends,2
finished,12
change,14
hung,1
roof,6
scolded,1
possible,1
footman,14
fast,4
thunder,1
hid,1
underneath,1
dinah,14
impertinent,1
piece,6
place,8
attending,3
morcar,2
only,50
dinn,2
pictures,4
teacup,3
considered,3
die,1
officers,4
wept,1
there,99
mushroom,8
ever,21
ventured,4
houses,1
feared,1
spirited,1
row,2
ten,6
strange,5
condemn,1
eels,1
shore,4
pronounced,1
plate,3
thanked,1
sheep,1
apple,1
remarking,3
set,14
manners,1
toes,3
character,1
finding,3
witness,10
knew,14
remarkable,2
railway,2
hush,3
remedies,1
d,29
grunted,4
spite,1
short,4
together,9
paused,1
goes,7
knelt,1
head,50
quite,55
neighbour,1
mayn,1
pale,4
actually,1
alarm,2
rises,1
side,17
tut,2
cart,1
fanned,1
rate,9
wood,8
remarked,10
act,1
effect,3
minded,1
sharply,4
buttercup,1
bells,1
caused,2
attended,1
terrier,1
mischief,1
cry,3
more,49
telescopes,1
finger,5
anxiously,14
fancy,7
a,632
shut,5
constant,2
deny,2
justice,1
promise,1
fills,1
done,15
yard,1
running,8
salmon,1
would,83
pressed,3
shouldn,5
straight,2
let,22
velvet,1
learnt,2
globe,1
meaning,8
caught,3
cannot,1
written,6
introduce,2
their,52
arithmetic,1
opening,3
whatever,3
book,11
breeze,1
please,19
idiot,1
must,44
leant,1
blame,1
given,1
bone,1
tasted,3
neck,7
dear,29
humbly,2
till,21
treading,2
curtseying,1
tail,9
tittered,1
thoughts,2
remarks,3
lifted,1
uncommon,1
flinging,1
egg,1
uncomfortable,4
sixteenth,1
school,6
vanished,4
pause,2
ink,1
cries,1
execution,3
hoped,1
though,11
nest,1
curls,1
precious,1
removed,2
chanced,1
jack,1
grunt,1
ridiculous,1
boxed,1
disappeared,2
many,12
copy,1
she,553
severely,4
purple,1
confused,4
tie,1
occasionally,1
him,43
helped,1
puss,1
length,1
opposite,1
so,151
meanwhile,1
punished,1
charges,1
],2
doors,2
accustomed,1
keep,11
somehow,1
lobsters,7
jogged,1
heap,1
bones,1
merely,2
tart,1
caucus,3
heads,10
iv,1
shrimp,1
contempt,1
puzzled,9
means,5
alone,4
tempered,2
june,1
stoop,2
muscular,1
upsetting,1
wasting,2
needs,1
another,22
knee,5
crimson,2
far,13
tea,19
sixpence,1
bill,17
pace,1
atom,2
denied,2
sluggard,1
tipped,1
busy,2
steam,1
waters,1
simpleton,1
wait,1
lose,1
curled,2
hearing,4
understand,6
depends,1
choked,3
am,16
frame,1
curving,1
met,3
hedge,2
mock,56
puzzling,4
disgust,1
hollow,1
forwards,1
heavy,2
thirteen,1
times,6
growl,3
games,1
returned,2
bats,4
salt,2
pot,1
standing,1
some,51
paws,4
quiver,1
promised,1
manner,2
except,4
creatures,10
waving,5
lonely,2
trembled,2
nonsense,7
peering,1
terribly,1
often,5
managed,4
butter,9
throwing,2
life,12
moral,8
whisper,3
stretched,2
whole,13
brought,3
proved,2
taught,4
bee,1
shyly,1
arrum,1
checked,3
concluded,2
skimming,1
very,144
we,34
swallowing,1
upstairs,1
warning,1
ceiling,1
kill,1
learn,7
2011],1
growls,1
delightful,2
sigh,4
pink,1
diligently,1
perhaps,17
flamingoes,2
animal,2
poker,1
axis,1
lower,1
lap,2
move,3
and,873
sorry,1
wondered,1
beheading,1
cross,3
sometimes,5
argument,4
ordering,2
wriggling,1
indeed,16
nursing,3
est,1
upon,26
tumbling,2
evidence,7
11],1
passage,4
which,49
delight,3
jurymen,4
verse,4
less,4
lobster,7
decided,3
afford,1
acceptance,1
dead,4
refreshments,1
moon,1
whiles,1
distraction,1
passion,3
key,9
geography,1
year,2
stay,5
woman,2
tails,3
world,7
read,11
hide,1
like,85
truthful,1
purring,2
never,48
altered,1
plates,2
pleaded,3
heard,30
fits,1
dates,1
way,56
tree,8
dodo,13
also,2
ravens,1
closer,1
master,4
executions,2
elbow,3
grazed,1
cherry,1
consented,1
played,1
wonder,18
fish,8
sobs,4
teaching,1
birds,10
garden,16
grave,3
smiled,2
dears,3
deep,7
immediate,1
whom,1
prevent,1
might,28
custody,2
hedgehog,7
saucepans,1
called,15
respectable,1
lit,1
treacle,7
happy,1
whenever,1
across,5
driest,1
full,6
emphasis,1
mary,4
meat,1
tell,32
slippery,1
nodded,1
exclamation,1
involved,1
remembered,5
irritated,1
sisters,2
beasts,2
foot,10
spectacles,3
audibly,1
muttering,3
sticks,1
creep,1
gardeners,8
shrieked,1
hearth,1
thatched,1
earnestly,2
lost,3
pope,1
people,13
license,1
tomorrow,1
frontispiece,1
fancying,1
quietly,5
screamed,4
than,24
breath,4
was,357
exactly,8
proud,2
yes,13
yawning,2
singers,2
majesty,12
stood,7
natured,1
patiently,2
i,543
terror,1
date,2
ignorant,1
dreadfully,6
party,10
shrink,1
dreadful,2
own,10
sell,2
leading,1
modern,1
fur,3
invited,2
nine,5
murdering,1
meekly,2
talk,14
elbows,1
kind,7
farmer,1
marched,1
telescope,3
knows,2
be,148
panther,3
educations,1
ringlets,2
learning,2
procession,5
loud,6
desperately,1
joys,1
with,183
singing,2
unless,2
beheaded,3
timidly,9
exact,1
lovely,2
series,1
waiting,9
bit,16
chimney,6
frowning,4
instantly,5
stupidly,1
raised,2
sides,4
kid,5
is,109
dreaming,1
uneasy,1
peeping,1
shan,6
boon,1
towards,1
puzzle,1
how,68
shrinking,4
shilling,1
barley,1
fork,1
brush,1
stupidest,1
shrill,5
buttons,1
tray,1
favourite,1
forgot,2
red,3
www,1
splash,1
youth,6
tortoise,3
alice,403
welcome,1
england,1
somewhere,3
downward,1
child,11
executioner,6
bank,3
teacups,2
skirt,1
eyes,29
players,4
pine,1
chain,1
bawled,1
startled,2
soldiers,10
fainting,1
shake,1
paint,1
accident,2
lizard,6
knot,2
suppress,1
small,10
rats,1
dormouse,40
drawing,1
feebly,1
gloves,11
hard,8
apples,2
next,30
sizes,1
yer,4
argued,1
ask,11
ago,2
xi,1
derision,1
footsteps,2
held,4
farm,1
hoarsely,1
clearly,1
game,13
trouble,6
nasty,1
haven,8
yourself,10
above,3
sir,7
occasional,1
shock,1
teases,1
oblong,1
re,39
altogether,5
sour,1
vegetable,1
company,1
clock,5
his,96
sneezes,2
comes,2
processions,1
resource,1
it,598
fairly,1
mark,3
jurors,4
they,152
classics,1
right,32
unfolded,2
tricks,1
dropping,1
smile,2
years,1
sun,2
rosetree,1
mabel,4
smiling,2
trying,14
throw,3
lips,1
pet,1
paris,2
prize,1
sending,2
encouraged,1
december,1
tiny,4
holiday,1
calmly,1
indignant,1
none,4
uglify,1
